{"cameraMode":{"drawMode":0,"name":"Shaded","section":"Shading Mode"},"sceneLighting":false,"audioPlay":false,"sceneViewState":{"m_AlwaysRefresh":false,"showFog":true,"showSkybox":false,"showFlares":true,"showImageEffects":true,"showParticleSystems":true,"showVisualEffectGraphs":true,"m_FxEnabled":true},"in2DMode":false,"pivot":{"x":23.861000061035158,"y":0.42100000381469729,"z":-18.37107276916504},"rotation":{"x":-0.17784954607486726,"y":-0.12770000100135804,"z":0.023238027468323709,"w":-0.9756028652191162},"size":0.830085277557373,"orthographic":false}