{"cameraMode":{"drawMode":0,"name":"Shaded","section":"Shading Mode"},"sceneLighting":false,"audioPlay":false,"sceneViewState":{"m_AlwaysRefresh":false,"showFog":true,"showSkybox":false,"showFlares":true,"showImageEffects":true,"showParticleSystems":true,"showVisualEffectGraphs":true,"m_FxEnabled":true},"in2DMode":false,"pivot":{"x":14.948135375976563,"y":0.13482630252838136,"z":13.895627975463868},"rotation":{"x":0.09665369987487793,"y":0.8963866233825684,"z":-0.24117204546928407,"w":0.3593864142894745},"size":2.3949623107910158,"orthographic":false}