{"cameraMode":{"drawMode":0,"name":"Shaded","section":"Shading Mode"},"sceneLighting":false,"audioPlay":false,"sceneViewState":{"m_AlwaysRefresh":false,"showFog":true,"showSkybox":false,"showFlares":true,"showImageEffects":true,"showParticleSystems":true,"showVisualEffectGraphs":true,"m_FxEnabled":true},"in2DMode":false,"pivot":{"x":-0.04004991054534912,"y":0.4999155104160309,"z":0.02549690008163452},"rotation":{"x":-0.21602924168109895,"y":0.11627762764692307,"z":-0.02596340887248516,"w":-0.969216525554657},"size":2.172339916229248,"orthographic":false}