{"cameraMode":{"drawMode":0,"name":"Shaded","section":"Shading Mode"},"sceneLighting":false,"audioPlay":false,"sceneViewState":{"m_AlwaysRefresh":false,"showFog":true,"showSkybox":false,"showFlares":true,"showImageEffects":true,"showParticleSystems":true,"showVisualEffectGraphs":true,"m_FxEnabled":true},"in2DMode":false,"pivot":{"x":26.04665184020996,"y":1.674472689628601,"z":19.67886734008789},"rotation":{"x":-0.002930231625214219,"y":0.9839809536933899,"z":-0.016236919909715654,"w":-0.17751994729042054},"size":1.6562352180480958,"orthographic":false}